Modulo,Argomento
Microeconomia,Introduzione allâ€™economia politica
Microeconomia,Domanda e Offerta
Microeconomia,Scelte del consumatore
Microeconomia,Teoria della produzione
Microeconomia,Analisi dei costi
Microeconomia,Rendita economica
Microeconomia,Mercati concorrenziali
Microeconomia,Monopolio
Microeconomia,Oligopolio
Microeconomia,Teoria dei giochi
Microeconomia,Concorrenza monopolistica
Microeconomia,Equilibrio economico generale
Microeconomia,Mercato del lavoro
Microeconomia,Mercato dei capitali
Microeconomia,Fallimenti del mercato
Macroeconomia,Introduzione alla macroeconomia
Macroeconomia,Domanda e offerta aggregata
Macroeconomia,Disoccupazione
Macroeconomia,Inflazione
Macroeconomia,Consumo e investimento
Macroeconomia,Modello del moltiplicatore
Macroeconomia,Sistema finanziario e moneta
Macroeconomia,Banca centrale e politica monetaria
Macroeconomia,Equilibrio IS-LM
Macroeconomia,Politiche economiche IS-LM
Macroeconomia,Bilancia dei pagamenti e tasso di cambio
Macroeconomia,Commercio internazionale
Macroeconomia,Economia aperta
Macroeconomia,Politica macroeconomica in economia aperta
